timeStamp,elapsed,label,responseCode,responseMessage,threadName,success,failureMessage,bytes,sentBytes,grpThreads,allThreads,URL,Latency,IdleTime,Connect,"resultset_#"
1749306730551,100,Q001,200,OK,Thread 1-1,true,,7441,0,1,1,null,95,0,0,100
1749306739660,9107,Q002,200,OK,Thread 1-1,true,,6253,0,1,1,null,9102,0,0,100
1749307003765,264103,Q003,200,OK,Thread 1-1,true,,15243,0,1,1,null,264096,0,0,100
1749307003890,121,Q004,200,OK,Thread 1-1,true,,821,0,1,1,null,120,0,0,11
1749307037754,33864,Q005,200,OK,Thread 1-1,true,,841,0,1,1,null,33863,0,0,10
1749307470416,432659,Q006,200,OK,Thread 1-1,true,,4216,0,1,1,null,432654,0,0,66
1749307593768,123347,Q007,200,OK,Thread 1-1,true,,625,0,1,1,null,123343,0,0,11
1749307651482,57710,Q008,200,OK,Thread 1-1,true,,11218,0,1,1,null,57708,0,0,100
1749308733367,1081882,Q009,200,OK,Thread 1-1,true,,6673,0,1,1,null,1081877,0,1,100
1749308969862,236491,Q010,200,OK,Thread 1-1,true,,810,0,1,1,null,236488,0,0,100
1749308976765,6901,Q011,200,OK,Thread 1-1,true,,10856,0,1,1,null,6899,0,1,100
1749309202479,225711,Q012,200,OK,Thread 1-1,true,,4642,0,1,1,null,225705,0,0,100
1749309204240,1758,Q013,200,OK,Thread 1-1,true,,3937,0,1,1,null,1739,0,0,100
1749309205088,847,Q014,200,OK,Thread 1-1,true,,8255,0,1,1,null,845,0,0,100
1749309205932,843,Q015,200,OK,Thread 1-1,true,,6525,0,1,1,null,842,0,0,100
1749309221816,15883,Q016,200,OK,Thread 1-1,true,,5133,0,1,1,null,15881,0,0,100
1749309221928,110,Q017,200,OK,Thread 1-1,true,,601,0,1,1,null,109,0,0,11
1749309242603,20674,Q018,200,OK,Thread 1-1,true,,175,0,1,1,null,20669,0,0,6
1749309254642,12037,Q019,200,OK,Thread 1-1,true,,6761,0,1,1,null,12037,0,0,100
1749309498305,243661,Q020,200,OK,Thread 1-1,true,,4216,0,1,1,null,243657,0,1,66
1749311298751,1800442,Q021,57014 0,org.postgresql.util.PSQLException: ERROR: canceling statement due to user request,Thread 1-1,false,,46,0,1,1,null,0,0,0,66
1749311314232,15478,Q022,200,OK,Thread 1-1,true,,3805,0,1,1,null,15476,0,0,66
1749311314292,58,Q023,200,OK,Thread 1-1,true,,25,0,1,1,null,58,0,0,0
1749313114385,1800092,Q024,57014 0,org.postgresql.util.PSQLException: ERROR: canceling statement due to user request,Thread 1-1,false,,46,0,1,1,null,0,0,0,0
1749313115785,1394,Q025,200,OK,Thread 1-1,true,,8706,0,1,1,null,1391,0,0,100
1749313130743,14957,Q026,200,OK,Thread 1-1,true,,100,0,1,1,null,14955,0,0,6
1749313197527,66783,Q027,200,OK,Thread 1-1,true,,5031,0,1,1,null,66781,0,0,100
1749314997570,1800040,Q028,57014 0,org.postgresql.util.PSQLException: ERROR: canceling statement due to user request,Thread 1-1,false,,46,0,1,1,null,0,0,0,100
1749314998312,736,Q029,200,OK,Thread 1-1,true,,3038,0,1,1,null,734,0,0,100
1749316780629,1782317,Q030,200,OK,Thread 1-1,true,,68,0,1,1,null,1782314,0,1,0
1749317244888,464255,Q031,200,OK,Thread 1-1,true,,17782,0,1,1,null,464248,0,0,100
1749317245596,704,Q032,200,OK,Thread 1-1,true,,5849,0,1,1,null,703,0,0,100
1749317442383,196786,Q033,200,OK,Thread 1-1,true,,13612,0,1,1,null,196782,0,0,100
1749317452910,10523,Q034,200,OK,Thread 1-1,true,,6422,0,1,1,null,10521,0,1,100
1749317498699,45788,Q035,200,OK,Thread 1-1,true,,833,0,1,1,null,45786,0,0,24
1749318107310,608608,Q036,200,OK,Thread 1-1,true,,3086,0,1,1,null,608605,0,0,100
1749318657515,550200,Q037,200,OK,Thread 1-1,true,,7825,0,1,1,null,550193,0,0,100
1749318826320,168796,Q038,200,OK,Thread 1-1,true,,100,0,1,1,null,168793,0,1,6
1749318920576,94253,Q039,200,OK,Thread 1-1,true,,21,0,1,1,null,94249,0,0,1
1749318943833,23252,Q040,200,OK,Thread 1-1,true,,184,0,1,1,null,23249,0,1,6
1749319161186,217350,Q041,200,OK,Thread 1-1,true,,2121,0,1,1,null,217346,0,0,48
1749319182333,21139,Q042,200,OK,Thread 1-1,true,,5177,0,1,1,null,21138,0,0,100
1749319712471,530135,Q043,200,OK,Thread 1-1,true,,6140,0,1,1,null,530132,0,0,100
1749319769053,56579,Q044,200,OK,Thread 1-1,true,,94,0,1,1,null,56575,0,0,6
1749319772978,3919,Q045,200,OK,Thread 1-1,true,,1464,0,1,1,null,3916,0,1,100
1749319788425,15447,Q046,200,OK,Thread 1-1,true,,448,0,1,1,null,15445,0,0,6
1749319889600,101174,Q047,200,OK,Thread 1-1,true,,2531,0,1,1,null,101171,0,0,100
1749319891393,1789,Q048,200,OK,Thread 1-1,true,,1391,0,1,1,null,1788,0,1,100
1749320187489,296096,Q049,200,OK,Thread 1-1,true,,7219,0,1,1,null,296091,0,0,100
1749320661059,473567,Q050,200,OK,Thread 1-1,true,,478,0,1,1,null,473564,0,0,21
1749320743020,81957,Q051,200,OK,Thread 1-1,true,,4999,0,1,1,null,81954,0,1,100
1749320863847,120824,Q052,200,OK,Thread 1-1,true,,707,0,1,1,null,120821,0,1,11
1749320864654,803,Q053,42601 0,"org.postgresql.util.PSQLException: ERROR: syntax error at or near ""s""
  Position: 1",Thread 1-1,false,,48,0,1,1,null,0,0,0,11
1749321112403,247748,Q054,200,OK,Thread 1-1,true,,1072,0,1,1,null,247746,0,0,50
1749321255858,143451,Q055,200,OK,Thread 1-1,true,,184,0,1,1,null,143449,0,1,13
1749322820738,1564876,Q056,200,OK,Thread 1-1,true,,12754,0,1,1,null,1564869,0,1,100
1749323620811,800071,Q057,200,OK,Thread 1-1,true,,130,0,1,1,null,800068,0,0,6
1749323622865,2050,Q058,200,OK,Thread 1-1,true,,5115,0,1,1,null,2049,0,0,100
1749323675155,52289,Q059,200,OK,Thread 1-1,true,,292,0,1,1,null,52285,0,0,11
1749323675461,303,Q060,200,OK,Thread 1-1,true,,585,0,1,1,null,303,0,0,11
1749323997499,322037,Q061,200,OK,Thread 1-1,true,,2562,0,1,1,null,322033,0,0,100
1749324155625,158122,Q062,200,OK,Thread 1-1,true,,190,0,1,1,null,158119,0,0,6
1749324155688,60,Q063,200,OK,Thread 1-1,true,,5376,0,1,1,null,59,0,0,100
1749324535162,379473,Q064,200,OK,Thread 1-1,true,,2600,0,1,1,null,379470,0,0,100
1749324573009,37843,Q065,200,OK,Thread 1-1,true,,5005,0,1,1,null,37841,0,0,100
1749325056081,483069,Q066,200,OK,Thread 1-1,true,,161,0,1,1,null,483065,0,0,6
1749325056109,26,Q067,200,OK,Thread 1-1,true,,2218,0,1,1,null,26,0,1,100
1749325205059,148949,Q068,200,OK,Thread 1-1,true,,696,0,1,1,null,148946,0,0,11
1749325206821,1758,Q069,200,OK,Thread 1-1,true,,15,0,1,1,null,1758,0,0,0
1749325279972,73150,Q070,200,OK,Thread 1-1,true,,9087,0,1,1,null,73140,0,0,100
1749325989288,709313,Q071,200,OK,Thread 1-1,true,,3393,0,1,1,null,709309,0,0,100
1749325989417,127,Q072,200,OK,Thread 1-1,true,,5225,0,1,1,null,126,0,0,100
1749326431924,442507,Q073,200,OK,Thread 1-1,true,,1210,0,1,1,null,442503,0,1,100
1749326432341,413,Q074,200,OK,Thread 1-1,true,,466,0,1,1,null,412,0,1,52
1749326444607,12266,Q075,200,OK,Thread 1-1,true,,5067,0,1,1,null,12265,0,0,100
1749326524621,80015,Q076,200,OK,Thread 1-1,true,,8265,0,1,1,null,80012,0,0,100
1749326524802,178,Q077,200,OK,Thread 1-1,true,,7223,0,1,1,null,177,0,0,100
1749327253496,728694,Q078,200,OK,Thread 1-1,true,,9555,0,1,1,null,728682,0,0,100
1749328003921,750424,Q079,200,OK,Thread 1-1,true,,292,0,1,1,null,750420,0,0,11
1749328016985,13060,Q080,200,OK,Thread 1-1,true,,55,0,1,1,null,13058,0,0,3
1749328020732,3745,Q081,200,OK,Thread 1-1,true,,22,0,1,1,null,3744,0,0,0
1749328493890,473156,Q082,200,OK,Thread 1-1,true,,2789,0,1,1,null,473154,0,0,100
1749328531497,37604,Q083,200,OK,Thread 1-1,true,,5041,0,1,1,null,37602,0,1,100
1749328531776,276,Q084,200,OK,Thread 1-1,true,,1118,0,1,1,null,275,0,0,100
1749328943087,411310,Q085,200,OK,Thread 1-1,true,,3015,0,1,1,null,411305,0,0,100
1749330522715,1579625,Q086,200,OK,Thread 1-1,true,,3635,0,1,1,null,1579619,0,0,100
1749331109855,587132,Q087,200,OK,Thread 1-1,true,,4074,0,1,1,null,587130,0,0,66
1749331339613,229755,Q088,200,OK,Thread 1-1,true,,4068,0,1,1,null,229753,0,0,66
1749331339782,166,Q089,200,OK,Thread 1-1,true,,587,0,1,1,null,165,0,0,10
1749331665546,325764,Q090,200,OK,Thread 1-1,true,,7212,0,1,1,null,325762,0,1,100
1749331670119,4569,Q091,200,OK,Thread 1-1,true,,1444,0,1,1,null,4569,0,0,100
1749331671824,1704,Q092,200,OK,Thread 1-1,true,,96,0,1,1,null,1703,0,1,9
1749331946201,274377,Q093,200,OK,Thread 1-1,true,,19,0,1,1,null,274375,0,1,0
1749332165562,219358,Q094,200,OK,Thread 1-1,true,,326,0,1,1,null,219356,0,0,5
1749332395503,229937,Q095,200,OK,Thread 1-1,true,,25,0,1,1,null,229935,0,0,1
1749332396675,1167,Q096,200,OK,Thread 1-1,true,,40,0,1,1,null,1166,0,0,2
1749332397293,618,Q097,200,OK,Thread 1-1,true,,587,0,1,1,null,618,0,0,10
1749332397386,92,Q098,200,OK,Thread 1-1,true,,616,0,1,1,null,92,0,0,100
1749332473988,76601,Q099,200,OK,Thread 1-1,true,,292,0,1,1,null,76598,0,0,11
1749332643657,169664,Q100,200,OK,Thread 1-1,true,,2156,0,1,1,null,169661,0,0,100
